'train_2vs2_counterattack0', -0.45714285714285713, -0.45714285714285713, 140.24285714285713, 70, 9817, '/home/ubuntu/ScenicGFootBall/training/gfrl/_scenarios/defense/2vs2_counterattack.scenic', '/home/ubuntu/ScenicGFootBall/ppo/defense/2vs2_counterattack_0/checkpoints/final_00610'
'train_2vs2_counterattack1', -0.3333333333333333, -0.3333333333333333, 148.33333333333334, 66, 9790, '/home/ubuntu/ScenicGFootBall/training/gfrl/_scenarios/defense/2vs2_counterattack.scenic', '/home/ubuntu/ScenicGFootBall/ppo/defense/2vs2_counterattack_1/checkpoints/final_00610'
'train_2vs2_counterattack2', -0.3088235294117647, -0.3088235294117647, 144.88235294117646, 68, 9852, '/home/ubuntu/ScenicGFootBall/training/gfrl/_scenarios/defense/2vs2_counterattack.scenic', '/home/ubuntu/ScenicGFootBall/ppo/defense/2vs2_counterattack_2/checkpoints/final_00610'
'train_2vs2_counterattack3', -0.45, -0.45, 161.18333333333334, 60, 9671, '/home/ubuntu/ScenicGFootBall/training/gfrl/_scenarios/defense/2vs2_counterattack.scenic', '/home/ubuntu/ScenicGFootBall/ppo/defense/2vs2_counterattack_3/checkpoints/final_00610'
'train_2vs2_counterattack4', -0.3333333333333333, -0.3333333333333333, 144.79166666666666, 72, 10425, '/home/ubuntu/ScenicGFootBall/training/gfrl/_scenarios/defense/2vs2_counterattack.scenic', '/home/ubuntu/ScenicGFootBall/ppo/defense/2vs2_counterattack_4/checkpoints/final_00610'
'train_2vs2_counterattack5', -0.3880597014925373, -0.3880597014925373, 147.83582089552237, 67, 9905, '/home/ubuntu/ScenicGFootBall/training/gfrl/_scenarios/defense/2vs2_counterattack.scenic', '/home/ubuntu/ScenicGFootBall/ppo/defense/2vs2_counterattack_5/checkpoints/final_00610'
'train_2vs2_counterattack6', -0.5, -0.5, 137.27777777777777, 72, 9884, '/home/ubuntu/ScenicGFootBall/training/gfrl/_scenarios/defense/2vs2_counterattack.scenic', '/home/ubuntu/ScenicGFootBall/ppo/defense/2vs2_counterattack_6/checkpoints/final_00610'
'train_2vs2_counterattack7', -0.5070422535211268, -0.5070422535211268, 138.66197183098592, 71, 9845, '/home/ubuntu/ScenicGFootBall/training/gfrl/_scenarios/defense/2vs2_counterattack.scenic', '/home/ubuntu/ScenicGFootBall/ppo/defense/2vs2_counterattack_7/checkpoints/final_00610'
'train_2vs2_counterattack8', -0.3582089552238806, -0.3582089552238806, 145.07462686567163, 67, 9720, '/home/ubuntu/ScenicGFootBall/training/gfrl/_scenarios/defense/2vs2_counterattack.scenic', '/home/ubuntu/ScenicGFootBall/ppo/defense/2vs2_counterattack_8/checkpoints/final_00610'
'train_2vs2_counterattack9', -0.4805194805194805, -0.4805194805194805, 131.6883116883117, 77, 10140, '/home/ubuntu/ScenicGFootBall/training/gfrl/_scenarios/defense/2vs2_counterattack.scenic', '/home/ubuntu/ScenicGFootBall/ppo/defense/2vs2_counterattack_9/checkpoints/final_00610'
'train_2vs2_with_scenic_long_pass_behavior0', -0.11304347826086956, -0.11304347826086956, 84.86086956521739, 115, 9759, '/home/ubuntu/ScenicGFootBall/training/gfrl/_scenarios/defense/2vs2_with_scenic_high_pass_forward.scenic', '/home/ubuntu/ScenicGFootBall/ppo/defense/2vs2_with_scenic_long_pass_behavior_0/checkpoints/final_00610'
'train_2vs2_with_scenic_long_pass_behavior1', -0.08928571428571429, -0.08928571428571429, 92.94642857142857, 112, 10410, '/home/ubuntu/ScenicGFootBall/training/gfrl/_scenarios/defense/2vs2_with_scenic_high_pass_forward.scenic', '/home/ubuntu/ScenicGFootBall/ppo/defense/2vs2_with_scenic_long_pass_behavior_1/checkpoints/final_00610'
'train_2vs2_with_scenic_long_pass_behavior2', -0.18811881188118812, -0.18811881188118812, 96.83168316831683, 101, 9780, '/home/ubuntu/ScenicGFootBall/training/gfrl/_scenarios/defense/2vs2_with_scenic_high_pass_forward.scenic', '/home/ubuntu/ScenicGFootBall/ppo/defense/2vs2_with_scenic_long_pass_behavior_2/checkpoints/final_00610'
'train_2vs2_with_scenic_long_pass_behavior3', -0.13333333333333333, -0.13333333333333333, 85.925, 120, 10311, '/home/ubuntu/ScenicGFootBall/training/gfrl/_scenarios/defense/2vs2_with_scenic_high_pass_forward.scenic', '/home/ubuntu/ScenicGFootBall/ppo/defense/2vs2_with_scenic_long_pass_behavior_3/checkpoints/final_00610'
'train_2vs2_with_scenic_long_pass_behavior4', -0.07563025210084033, -0.07563025210084033, 88.16806722689076, 119, 10492, '/home/ubuntu/ScenicGFootBall/training/gfrl/_scenarios/defense/2vs2_with_scenic_high_pass_forward.scenic', '/home/ubuntu/ScenicGFootBall/ppo/defense/2vs2_with_scenic_long_pass_behavior_4/checkpoints/final_00610'
'train_2vs2_with_scenic_long_pass_behavior5', -0.11278195488721804, -0.11278195488721804, 76.90977443609023, 133, 10229, '/home/ubuntu/ScenicGFootBall/training/gfrl/_scenarios/defense/2vs2_with_scenic_high_pass_forward.scenic', '/home/ubuntu/ScenicGFootBall/ppo/defense/2vs2_with_scenic_long_pass_behavior_5/checkpoints/final_00610'
'train_2vs2_with_scenic_long_pass_behavior6', -0.14545454545454545, -0.14545454545454545, 90.97272727272727, 110, 10007, '/home/ubuntu/ScenicGFootBall/training/gfrl/_scenarios/defense/2vs2_with_scenic_high_pass_forward.scenic', '/home/ubuntu/ScenicGFootBall/ppo/defense/2vs2_with_scenic_long_pass_behavior_6/checkpoints/final_00610'
'train_2vs2_with_scenic_long_pass_behavior7', -0.13861386138613863, -0.13861386138613863, 99.04950495049505, 101, 10004, '/home/ubuntu/ScenicGFootBall/training/gfrl/_scenarios/defense/2vs2_with_scenic_high_pass_forward.scenic', '/home/ubuntu/ScenicGFootBall/ppo/defense/2vs2_with_scenic_long_pass_behavior_7/checkpoints/final_00610'
'train_2vs2_with_scenic_long_pass_behavior8', -0.20353982300884957, -0.20353982300884957, 89.82300884955752, 113, 10150, '/home/ubuntu/ScenicGFootBall/training/gfrl/_scenarios/defense/2vs2_with_scenic_high_pass_forward.scenic', '/home/ubuntu/ScenicGFootBall/ppo/defense/2vs2_with_scenic_long_pass_behavior_8/checkpoints/final_00610'
'train_2vs2_with_scenic_long_pass_behavior9', -0.20512820512820512, -0.20512820512820512, 85.17094017094017, 117, 9965, '/home/ubuntu/ScenicGFootBall/training/gfrl/_scenarios/defense/2vs2_with_scenic_high_pass_forward.scenic', '/home/ubuntu/ScenicGFootBall/ppo/defense/2vs2_with_scenic_long_pass_behavior_9/checkpoints/final_00610'
'train_3vs3_with_scenic_cross_behavior0', -0.22727272727272727, -0.22727272727272727, 207.3181818181818, 44, 9122, '/home/ubuntu/ScenicGFootBall/training/gfrl/_scenarios/defense/3vs3_cross_from_side.scenic', '/home/ubuntu/ScenicGFootBall/ppo/defense/3vs3_with_scenic_cross_behavior_0/checkpoints/final_00610'
'train_3vs3_with_scenic_cross_behavior1', -0.1875, -0.1875, 184.79166666666666, 48, 8870, '/home/ubuntu/ScenicGFootBall/training/gfrl/_scenarios/defense/3vs3_cross_from_side.scenic', '/home/ubuntu/ScenicGFootBall/ppo/defense/3vs3_with_scenic_cross_behavior_1/checkpoints/final_00610'
'train_3vs3_with_scenic_cross_behavior2', -0.06976744186046512, -0.06976744186046512, 214.2325581395349, 43, 9212, '/home/ubuntu/ScenicGFootBall/training/gfrl/_scenarios/defense/3vs3_cross_from_side.scenic', '/home/ubuntu/ScenicGFootBall/ppo/defense/3vs3_with_scenic_cross_behavior_2/checkpoints/final_00610'
'train_3vs3_with_scenic_cross_behavior3', -0.32, -0.32, 174.62, 50, 8731, '/home/ubuntu/ScenicGFootBall/training/gfrl/_scenarios/defense/3vs3_cross_from_side.scenic', '/home/ubuntu/ScenicGFootBall/ppo/defense/3vs3_with_scenic_cross_behavior_3/checkpoints/final_00610'
'train_3vs3_with_scenic_cross_behavior4', -0.043478260869565216, -0.043478260869565216, 199.30434782608697, 46, 9168, '/home/ubuntu/ScenicGFootBall/training/gfrl/_scenarios/defense/3vs3_cross_from_side.scenic', '/home/ubuntu/ScenicGFootBall/ppo/defense/3vs3_with_scenic_cross_behavior_4/checkpoints/final_00610'
'train_3vs3_with_scenic_cross_behavior5', -0.06521739130434782, -0.06521739130434782, 183.54347826086956, 46, 8443, '/home/ubuntu/ScenicGFootBall/training/gfrl/_scenarios/defense/3vs3_cross_from_side.scenic', '/home/ubuntu/ScenicGFootBall/ppo/defense/3vs3_with_scenic_cross_behavior_5/checkpoints/final_00610'
'train_3vs3_with_scenic_cross_behavior6', -0.1590909090909091, -0.1590909090909091, 195.4090909090909, 44, 8598, '/home/ubuntu/ScenicGFootBall/training/gfrl/_scenarios/defense/3vs3_cross_from_side.scenic', '/home/ubuntu/ScenicGFootBall/ppo/defense/3vs3_with_scenic_cross_behavior_6/checkpoints/final_00610'
'train_3vs3_with_scenic_cross_behavior7', -0.06818181818181818, -0.06818181818181818, 217.3181818181818, 44, 9562, '/home/ubuntu/ScenicGFootBall/training/gfrl/_scenarios/defense/3vs3_cross_from_side.scenic', '/home/ubuntu/ScenicGFootBall/ppo/defense/3vs3_with_scenic_cross_behavior_7/checkpoints/final_00610'
'train_3vs3_with_scenic_cross_behavior8', -0.12727272727272726, -0.12727272727272726, 163.4, 55, 8987, '/home/ubuntu/ScenicGFootBall/training/gfrl/_scenarios/defense/3vs3_cross_from_side.scenic', '/home/ubuntu/ScenicGFootBall/ppo/defense/3vs3_with_scenic_cross_behavior_8/checkpoints/final_00610'
'train_3vs3_with_scenic_cross_behavior9', -0.2653061224489796, -0.2653061224489796, 196.9387755102041, 49, 9650, '/home/ubuntu/ScenicGFootBall/training/gfrl/_scenarios/defense/3vs3_cross_from_side.scenic', '/home/ubuntu/ScenicGFootBall/ppo/defense/3vs3_with_scenic_cross_behavior_9/checkpoints/final_00610'
'train_defender_vs_bot0', -0.5742574257425742, -0.5742574257425742, 105.54455445544555, 101, 10660, '/home/ubuntu/ScenicGFootBall/training/gfrl/_scenarios/defense/defender_vs_opponent_with_hesitant_dribble.scenic', '/home/ubuntu/ScenicGFootBall/ppo/defense/defender_vs_bot_0/checkpoints/final_00610'
'train_defender_vs_bot1', -0.55, -0.55, 99.87, 100, 9987, '/home/ubuntu/ScenicGFootBall/training/gfrl/_scenarios/defense/defender_vs_opponent_with_hesitant_dribble.scenic', '/home/ubuntu/ScenicGFootBall/ppo/defense/defender_vs_bot_1/checkpoints/final_00610'
'train_defender_vs_bot2', -0.5192307692307693, -0.5192307692307693, 99.22115384615384, 104, 10319, '/home/ubuntu/ScenicGFootBall/training/gfrl/_scenarios/defense/defender_vs_opponent_with_hesitant_dribble.scenic', '/home/ubuntu/ScenicGFootBall/ppo/defense/defender_vs_bot_2/checkpoints/final_00610'
'train_defender_vs_opponent_AI_bot0', -0.5045045045045045, -0.5045045045045045, 95.26126126126127, 111, 10574, '/home/ubuntu/ScenicGFootBall/training/gfrl/_scenarios/defense/defender_vs_opponent_with_hesitant_dribble.scenic', '/home/ubuntu/ScenicGFootBall/ppo/defense/defender_vs_opponent_AI_bot_0/checkpoints/final_00610'
'train_defender_vs_opponent_AI_bot1', -0.5656565656565656, -0.5656565656565656, 104.78787878787878, 99, 10374, '/home/ubuntu/ScenicGFootBall/training/gfrl/_scenarios/defense/defender_vs_opponent_with_hesitant_dribble.scenic', '/home/ubuntu/ScenicGFootBall/ppo/defense/defender_vs_opponent_AI_bot_1/checkpoints/final_00610'
'train_defender_vs_opponent_AI_bot2', -0.62, -0.62, 101.83, 100, 10183, '/home/ubuntu/ScenicGFootBall/training/gfrl/_scenarios/defense/defender_vs_opponent_with_hesitant_dribble.scenic', '/home/ubuntu/ScenicGFootBall/ppo/defense/defender_vs_opponent_AI_bot_2/checkpoints/final_00610'
'train_defender_vs_opponent_AI_bot3', -0.4897959183673469, -0.4897959183673469, 101.92857142857143, 98, 9989, '/home/ubuntu/ScenicGFootBall/training/gfrl/_scenarios/defense/defender_vs_opponent_with_hesitant_dribble.scenic', '/home/ubuntu/ScenicGFootBall/ppo/defense/defender_vs_opponent_AI_bot_3/checkpoints/final_00610'
'train_defender_vs_opponent_AI_bot4', -0.5794392523364486, -0.5794392523364486, 94.49532710280374, 107, 10111, '/home/ubuntu/ScenicGFootBall/training/gfrl/_scenarios/defense/defender_vs_opponent_with_hesitant_dribble.scenic', '/home/ubuntu/ScenicGFootBall/ppo/defense/defender_vs_opponent_AI_bot_4/checkpoints/final_00610'
'train_defender_vs_opponent_AI_bot5', -0.49019607843137253, -0.49019607843137253, 100.42156862745098, 102, 10243, '/home/ubuntu/ScenicGFootBall/training/gfrl/_scenarios/defense/defender_vs_opponent_with_hesitant_dribble.scenic', '/home/ubuntu/ScenicGFootBall/ppo/defense/defender_vs_opponent_AI_bot_5/checkpoints/final_00610'
'train_defender_vs_opponent_AI_bot6', -0.6764705882352942, -0.6764705882352942, 99.99019607843137, 102, 10199, '/home/ubuntu/ScenicGFootBall/training/gfrl/_scenarios/defense/defender_vs_opponent_with_hesitant_dribble.scenic', '/home/ubuntu/ScenicGFootBall/ppo/defense/defender_vs_opponent_AI_bot_6/checkpoints/final_00610'
'train_defender_vs_opponent_with_scenic_zigzag_behavior0', -0.1891891891891892, -0.1891891891891892, 91.52252252252252, 111, 10159, '/home/ubuntu/ScenicGFootBall/training/gfrl/_scenarios/defense/defender_vs_opponent_with_zigzag_dribble.scenic', '/home/ubuntu/ScenicGFootBall/ppo/defense/defender_vs_opponent_with_scenic_zigzag_behavior_0/checkpoints/final_00610'
'train_defender_vs_opponent_with_scenic_zigzag_behavior1', -0.16, -0.16, 101.39, 100, 10139, '/home/ubuntu/ScenicGFootBall/training/gfrl/_scenarios/defense/defender_vs_opponent_with_zigzag_dribble.scenic', '/home/ubuntu/ScenicGFootBall/ppo/defense/defender_vs_opponent_with_scenic_zigzag_behavior_1/checkpoints/final_00610'
'train_defender_vs_opponent_with_scenic_zigzag_behavior2', -0.1111111111111111, -0.1111111111111111, 102.3030303030303, 99, 10128, '/home/ubuntu/ScenicGFootBall/training/gfrl/_scenarios/defense/defender_vs_opponent_with_zigzag_dribble.scenic', '/home/ubuntu/ScenicGFootBall/ppo/defense/defender_vs_opponent_with_scenic_zigzag_behavior_2/checkpoints/final_00610'
'train_defender_vs_opponent_with_scenic_zigzag_behavior3', -0.09649122807017543, -0.09649122807017543, 86.7719298245614, 114, 9892, '/home/ubuntu/ScenicGFootBall/training/gfrl/_scenarios/defense/defender_vs_opponent_with_zigzag_dribble.scenic', '/home/ubuntu/ScenicGFootBall/ppo/defense/defender_vs_opponent_with_scenic_zigzag_behavior_3/checkpoints/final_00610'
'train_defender_vs_opponent_with_scenic_zigzag_behavior4', -0.14173228346456693, -0.14173228346456693, 81.63779527559055, 127, 10368, '/home/ubuntu/ScenicGFootBall/training/gfrl/_scenarios/defense/defender_vs_opponent_with_zigzag_dribble.scenic', '/home/ubuntu/ScenicGFootBall/ppo/defense/defender_vs_opponent_with_scenic_zigzag_behavior_4/checkpoints/final_00610'
'train_defender_vs_opponent_with_scenic_zigzag_behavior5', -0.13636363636363635, -0.13636363636363635, 92.26363636363637, 110, 10149, '/home/ubuntu/ScenicGFootBall/training/gfrl/_scenarios/defense/defender_vs_opponent_with_zigzag_dribble.scenic', '/home/ubuntu/ScenicGFootBall/ppo/defense/defender_vs_opponent_with_scenic_zigzag_behavior_5/checkpoints/final_00610'
'train_defender_vs_opponent_with_scenic_zigzag_behavior6', -0.1574074074074074, -0.1574074074074074, 91.0925925925926, 108, 9838, '/home/ubuntu/ScenicGFootBall/training/gfrl/_scenarios/defense/defender_vs_opponent_with_zigzag_dribble.scenic', '/home/ubuntu/ScenicGFootBall/ppo/defense/defender_vs_opponent_with_scenic_zigzag_behavior_6/checkpoints/final_00610'
'train_defender_vs_opponent_with_scenic_zigzag_behavior7', -0.13445378151260504, -0.13445378151260504, 87.63865546218487, 119, 10429, '/home/ubuntu/ScenicGFootBall/training/gfrl/_scenarios/defense/defender_vs_opponent_with_zigzag_dribble.scenic', '/home/ubuntu/ScenicGFootBall/ppo/defense/defender_vs_opponent_with_scenic_zigzag_behavior_7/checkpoints/final_00610'
'train_defender_vs_opponent_with_scenic_zigzag_behavior8', -0.21705426356589147, -0.21705426356589147, 81.82945736434108, 129, 10556, '/home/ubuntu/ScenicGFootBall/training/gfrl/_scenarios/defense/defender_vs_opponent_with_zigzag_dribble.scenic', '/home/ubuntu/ScenicGFootBall/ppo/defense/defender_vs_opponent_with_scenic_zigzag_behavior_8/checkpoints/final_00610'
'train_defender_vs_opponent_with_scenic_zigzag_behavior9', -0.1826086956521739, -0.1826086956521739, 89.50434782608696, 115, 10293, '/home/ubuntu/ScenicGFootBall/training/gfrl/_scenarios/defense/defender_vs_opponent_with_zigzag_dribble.scenic', '/home/ubuntu/ScenicGFootBall/ppo/defense/defender_vs_opponent_with_scenic_zigzag_behavior_9/checkpoints/final_00610'
'train_defense_2vs20', -0.30337078651685395, -0.30337078651685395, 111.13483146067416, 89, 9891, '/home/ubuntu/ScenicGFootBall/training/gfrl/_scenarios/defense/2vs2.scenic', '/home/ubuntu/ScenicGFootBall/ppo/defense/defense_2vs2_0/checkpoints/final_00610'
'train_defense_2vs21', -0.09803921568627451, -0.09803921568627451, 182.49019607843138, 51, 9307, '/home/ubuntu/ScenicGFootBall/training/gfrl/_scenarios/defense/2vs2.scenic', '/home/ubuntu/ScenicGFootBall/ppo/defense/defense_2vs2_1/checkpoints/final_00610'
'train_defense_2vs22', -0.13114754098360656, -0.13114754098360656, 148.50819672131146, 61, 9059, '/home/ubuntu/ScenicGFootBall/training/gfrl/_scenarios/defense/2vs2.scenic', '/home/ubuntu/ScenicGFootBall/ppo/defense/defense_2vs2_2/checkpoints/final_00610'
'train_defense_2vs23', -0.07407407407407407, -0.07407407407407407, 166.14814814814815, 54, 8972, '/home/ubuntu/ScenicGFootBall/training/gfrl/_scenarios/defense/2vs2.scenic', '/home/ubuntu/ScenicGFootBall/ppo/defense/defense_2vs2_3/checkpoints/final_00610'
'train_defense_2vs24', -0.12698412698412698, -0.12698412698412698, 143.66666666666666, 63, 9051, '/home/ubuntu/ScenicGFootBall/training/gfrl/_scenarios/defense/2vs2.scenic', '/home/ubuntu/ScenicGFootBall/ppo/defense/defense_2vs2_4/checkpoints/final_00610'
'train_defense_2vs25', -0.1794871794871795, -0.1794871794871795, 213.92307692307693, 39, 8343, '/home/ubuntu/ScenicGFootBall/training/gfrl/_scenarios/defense/2vs2.scenic', '/home/ubuntu/ScenicGFootBall/ppo/defense/defense_2vs2_5/checkpoints/final_00610'
'train_defense_2vs26', -0.13636363636363635, -0.13636363636363635, 145.87878787878788, 66, 9628, '/home/ubuntu/ScenicGFootBall/training/gfrl/_scenarios/defense/2vs2.scenic', '/home/ubuntu/ScenicGFootBall/ppo/defense/defense_2vs2_6/checkpoints/final_00610'
'train_defense_2vs27', -0.125, -0.125, 243.9375, 32, 7806, '/home/ubuntu/ScenicGFootBall/training/gfrl/_scenarios/defense/2vs2.scenic', '/home/ubuntu/ScenicGFootBall/ppo/defense/defense_2vs2_7/checkpoints/final_00610'
'train_defense_2vs28', -0.08571428571428572, -0.08571428571428572, 237.65714285714284, 35, 8318, '/home/ubuntu/ScenicGFootBall/training/gfrl/_scenarios/defense/2vs2.scenic', '/home/ubuntu/ScenicGFootBall/ppo/defense/defense_2vs2_8/checkpoints/final_00610'
'train_defense_2vs29', 0.0, 0.0, 300.52, 25, 7513, '/home/ubuntu/ScenicGFootBall/training/gfrl/_scenarios/defense/2vs2.scenic', '/home/ubuntu/ScenicGFootBall/ppo/defense/defense_2vs2_9/checkpoints/final_00610'
'train_defense_3vs3_side_buildup_play0', -0.2535211267605634, -0.2535211267605634, 133.26760563380282, 71, 9462, '/home/ubuntu/ScenicGFootBall/training/gfrl/_scenarios/defense/3vs3_side_buildup_play.scenic', '/home/ubuntu/ScenicGFootBall/ppo/defense/defense_3vs3_side_buildup_play_0/checkpoints/final_00610'
'train_defense_3vs3_side_buildup_play1', -0.2465753424657534, -0.2465753424657534, 133.13698630136986, 73, 9719, '/home/ubuntu/ScenicGFootBall/training/gfrl/_scenarios/defense/3vs3_side_buildup_play.scenic', '/home/ubuntu/ScenicGFootBall/ppo/defense/defense_3vs3_side_buildup_play_1/checkpoints/final_00610'
'train_defense_3vs3_side_buildup_play2', -0.13793103448275862, -0.13793103448275862, 158.81034482758622, 58, 9211, '/home/ubuntu/ScenicGFootBall/training/gfrl/_scenarios/defense/3vs3_side_buildup_play.scenic', '/home/ubuntu/ScenicGFootBall/ppo/defense/defense_3vs3_side_buildup_play_2/checkpoints/final_00610'
'train_defense_3vs3_side_buildup_play3', -0.23684210526315788, -0.23684210526315788, 131.46052631578948, 76, 9991, '/home/ubuntu/ScenicGFootBall/training/gfrl/_scenarios/defense/3vs3_side_buildup_play.scenic', '/home/ubuntu/ScenicGFootBall/ppo/defense/defense_3vs3_side_buildup_play_3/checkpoints/final_00610'
'train_defense_3vs3_side_buildup_play4', -0.2676056338028169, -0.2676056338028169, 141.54929577464787, 71, 10050, '/home/ubuntu/ScenicGFootBall/training/gfrl/_scenarios/defense/3vs3_side_buildup_play.scenic', '/home/ubuntu/ScenicGFootBall/ppo/defense/defense_3vs3_side_buildup_play_4/checkpoints/final_00610'
'train_defense_3vs3_side_buildup_play5', -0.23076923076923078, -0.23076923076923078, 148.63076923076923, 65, 9661, '/home/ubuntu/ScenicGFootBall/training/gfrl/_scenarios/defense/3vs3_side_buildup_play.scenic', '/home/ubuntu/ScenicGFootBall/ppo/defense/defense_3vs3_side_buildup_play_5/checkpoints/final_00610'
'train_defense_3vs3_side_buildup_play6', -0.16666666666666666, -0.16666666666666666, 133.93055555555554, 72, 9643, '/home/ubuntu/ScenicGFootBall/training/gfrl/_scenarios/defense/3vs3_side_buildup_play.scenic', '/home/ubuntu/ScenicGFootBall/ppo/defense/defense_3vs3_side_buildup_play_6/checkpoints/final_00610'
'train_defense_3vs3_side_buildup_play7', -0.22580645161290322, -0.22580645161290322, 153.6451612903226, 62, 9526, '/home/ubuntu/ScenicGFootBall/training/gfrl/_scenarios/defense/3vs3_side_buildup_play.scenic', '/home/ubuntu/ScenicGFootBall/ppo/defense/defense_3vs3_side_buildup_play_7/checkpoints/final_00610'
'train_defense_3vs3_side_buildup_play8', -0.18518518518518517, -0.18518518518518517, 115.98765432098766, 81, 9395, '/home/ubuntu/ScenicGFootBall/training/gfrl/_scenarios/defense/3vs3_side_buildup_play.scenic', '/home/ubuntu/ScenicGFootBall/ppo/defense/defense_3vs3_side_buildup_play_8/checkpoints/final_00610'
'train_defense_3vs3_side_buildup_play9', -0.24691358024691357, -0.24691358024691357, 123.50617283950618, 81, 10004, '/home/ubuntu/ScenicGFootBall/training/gfrl/_scenarios/defense/3vs3_side_buildup_play.scenic', '/home/ubuntu/ScenicGFootBall/ppo/defense/defense_3vs3_side_buildup_play_9/checkpoints/final_00610'
'train_defense_counterattack_3vs20', -0.3103448275862069, -0.3103448275862069, 84.73275862068965, 116, 9829, '/home/ubuntu/ScenicGFootBall/training/gfrl/_scenarios/defense/3vs2_counterattack.scenic', '/home/ubuntu/ScenicGFootBall/ppo/defense/defense_counterattack_3vs2_0/checkpoints/final_00610'
'train_defense_counterattack_3vs21', -0.40384615384615385, -0.40384615384615385, 97.24038461538461, 104, 10113, '/home/ubuntu/ScenicGFootBall/training/gfrl/_scenarios/defense/3vs2_counterattack.scenic', '/home/ubuntu/ScenicGFootBall/ppo/defense/defense_counterattack_3vs2_1/checkpoints/final_00610'
'train_defense_counterattack_3vs22', -0.32926829268292684, -0.32926829268292684, 116.73170731707317, 82, 9572, '/home/ubuntu/ScenicGFootBall/training/gfrl/_scenarios/defense/3vs2_counterattack.scenic', '/home/ubuntu/ScenicGFootBall/ppo/defense/defense_counterattack_3vs2_2/checkpoints/final_00610'
'train_defense_counterattack_3vs23', -0.3, -0.3, 86.84166666666667, 120, 10421, '/home/ubuntu/ScenicGFootBall/training/gfrl/_scenarios/defense/3vs2_counterattack.scenic', '/home/ubuntu/ScenicGFootBall/ppo/defense/defense_counterattack_3vs2_3/checkpoints/final_00610'
'train_defense_counterattack_3vs24', -0.3181818181818182, -0.3181818181818182, 93.53636363636363, 110, 10289, '/home/ubuntu/ScenicGFootBall/training/gfrl/_scenarios/defense/3vs2_counterattack.scenic', '/home/ubuntu/ScenicGFootBall/ppo/defense/defense_counterattack_3vs2_4/checkpoints/final_00610'
'train_defense_counterattack_3vs25', -0.3448275862068966, -0.3448275862068966, 110.36781609195403, 87, 9602, '/home/ubuntu/ScenicGFootBall/training/gfrl/_scenarios/defense/3vs2_counterattack.scenic', '/home/ubuntu/ScenicGFootBall/ppo/defense/defense_counterattack_3vs2_5/checkpoints/final_00610'
'train_defense_counterattack_3vs26', -0.33620689655172414, -0.33620689655172414, 86.85344827586206, 116, 10075, '/home/ubuntu/ScenicGFootBall/training/gfrl/_scenarios/defense/3vs2_counterattack.scenic', '/home/ubuntu/ScenicGFootBall/ppo/defense/defense_counterattack_3vs2_6/checkpoints/final_00610'
'train_defense_counterattack_3vs27', -0.3305084745762712, -0.3305084745762712, 88.04237288135593, 118, 10389, '/home/ubuntu/ScenicGFootBall/training/gfrl/_scenarios/defense/3vs2_counterattack.scenic', '/home/ubuntu/ScenicGFootBall/ppo/defense/defense_counterattack_3vs2_7/checkpoints/final_00610'
'train_defense_counterattack_3vs28', -0.3142857142857143, -0.3142857142857143, 94.4, 105, 9912, '/home/ubuntu/ScenicGFootBall/training/gfrl/_scenarios/defense/3vs2_counterattack.scenic', '/home/ubuntu/ScenicGFootBall/ppo/defense/defense_counterattack_3vs2_8/checkpoints/final_00610'
'train_defense_counterattack_3vs29', -0.37, -0.37, 99.66, 100, 9966, '/home/ubuntu/ScenicGFootBall/training/gfrl/_scenarios/defense/3vs2_counterattack.scenic', '/home/ubuntu/ScenicGFootBall/ppo/defense/defense_counterattack_3vs2_9/checkpoints/final_00610'
'train_defense_goalkeeper_vs_attacker0', -0.03937007874015748, -0.03937007874015748, 82.08661417322834, 127, 10425, '/home/ubuntu/ScenicGFootBall/training/gfrl/_scenarios/defense/goalkeeper_vs_opponent.scenic', '/home/ubuntu/ScenicGFootBall/ppo/defense/defense_goalkeeper_vs_attacker_0/checkpoints/final_00610'
'train_defense_goalkeeper_vs_attacker1', -0.03125, -0.03125, 80.796875, 128, 10342, '/home/ubuntu/ScenicGFootBall/training/gfrl/_scenarios/defense/goalkeeper_vs_opponent.scenic', '/home/ubuntu/ScenicGFootBall/ppo/defense/defense_goalkeeper_vs_attacker_1/checkpoints/final_00610'
'train_defense_goalkeeper_vs_attacker2', -0.05172413793103448, -0.05172413793103448, 89.01724137931035, 116, 10326, '/home/ubuntu/ScenicGFootBall/training/gfrl/_scenarios/defense/goalkeeper_vs_opponent.scenic', '/home/ubuntu/ScenicGFootBall/ppo/defense/defense_goalkeeper_vs_attacker_2/checkpoints/final_00610'
'train_defense_goalkeeper_vs_attacker3', -0.07575757575757576, -0.07575757575757576, 79.3409090909091, 132, 10473, '/home/ubuntu/ScenicGFootBall/training/gfrl/_scenarios/defense/goalkeeper_vs_opponent.scenic', '/home/ubuntu/ScenicGFootBall/ppo/defense/defense_goalkeeper_vs_attacker_3/checkpoints/final_00610'
'train_defense_goalkeeper_vs_attacker4', -0.059322033898305086, -0.059322033898305086, 90.23728813559322, 118, 10648, '/home/ubuntu/ScenicGFootBall/training/gfrl/_scenarios/defense/goalkeeper_vs_opponent.scenic', '/home/ubuntu/ScenicGFootBall/ppo/defense/defense_goalkeeper_vs_attacker_4/checkpoints/final_00610'
'train_defense_goalkeeper_vs_attacker5', -0.030534351145038167, -0.030534351145038167, 78.77862595419847, 131, 10320, '/home/ubuntu/ScenicGFootBall/training/gfrl/_scenarios/defense/goalkeeper_vs_opponent.scenic', '/home/ubuntu/ScenicGFootBall/ppo/defense/defense_goalkeeper_vs_attacker_5/checkpoints/final_00610'
'train_defense_goalkeeper_vs_attacker6', -0.04225352112676056, -0.04225352112676056, 75.08450704225352, 142, 10662, '/home/ubuntu/ScenicGFootBall/training/gfrl/_scenarios/defense/goalkeeper_vs_opponent.scenic', '/home/ubuntu/ScenicGFootBall/ppo/defense/defense_goalkeeper_vs_attacker_6/checkpoints/final_00610'
'train_defense_goalkeeper_vs_attacker7', -0.046875, -0.046875, 80.0546875, 128, 10247, '/home/ubuntu/ScenicGFootBall/training/gfrl/_scenarios/defense/goalkeeper_vs_opponent.scenic', '/home/ubuntu/ScenicGFootBall/ppo/defense/defense_goalkeeper_vs_attacker_7/checkpoints/final_00610'
'train_defense_goalkeeper_vs_attacker8', -0.03937007874015748, -0.03937007874015748, 82.2755905511811, 127, 10449, '/home/ubuntu/ScenicGFootBall/training/gfrl/_scenarios/defense/goalkeeper_vs_opponent.scenic', '/home/ubuntu/ScenicGFootBall/ppo/defense/defense_goalkeeper_vs_attacker_8/checkpoints/final_00610'
'train_defense_goalkeeper_vs_attacker9', -0.06504065040650407, -0.06504065040650407, 86.60162601626017, 123, 10652, '/home/ubuntu/ScenicGFootBall/training/gfrl/_scenarios/defense/goalkeeper_vs_opponent.scenic', '/home/ubuntu/ScenicGFootBall/ppo/defense/defense_goalkeeper_vs_attacker_9/checkpoints/final_00610'
'test_2vs2_counterattack0', -0.3111111111111111, -0.3111111111111111, 112.74444444444444, 90, 10147, '/home/ubuntu/ScenicGFootBall/training/gfrl/_scenarios/testing_generalization/defense_2vs2_counterattack.scenic', '/home/ubuntu/ScenicGFootBall/ppo/defense/2vs2_counterattack_0/checkpoints/final_00610'
'test_2vs2_counterattack1', -0.3448275862068966, -0.3448275862068966, 113.96551724137932, 87, 9915, '/home/ubuntu/ScenicGFootBall/training/gfrl/_scenarios/testing_generalization/defense_2vs2_counterattack.scenic', '/home/ubuntu/ScenicGFootBall/ppo/defense/2vs2_counterattack_1/checkpoints/final_00610'
'test_2vs2_counterattack2', -0.37142857142857144, -0.37142857142857144, 99.98095238095237, 105, 10498, '/home/ubuntu/ScenicGFootBall/training/gfrl/_scenarios/testing_generalization/defense_2vs2_counterattack.scenic', '/home/ubuntu/ScenicGFootBall/ppo/defense/2vs2_counterattack_2/checkpoints/final_00610'
'test_2vs2_counterattack3', -0.2736842105263158, -0.2736842105263158, 102.14736842105263, 95, 9704, '/home/ubuntu/ScenicGFootBall/training/gfrl/_scenarios/testing_generalization/defense_2vs2_counterattack.scenic', '/home/ubuntu/ScenicGFootBall/ppo/defense/2vs2_counterattack_3/checkpoints/final_00610'
'test_2vs2_counterattack4', -0.5350877192982456, -0.5350877192982456, 90.04385964912281, 114, 10265, '/home/ubuntu/ScenicGFootBall/training/gfrl/_scenarios/testing_generalization/defense_2vs2_counterattack.scenic', '/home/ubuntu/ScenicGFootBall/ppo/defense/2vs2_counterattack_4/checkpoints/final_00610'
'test_2vs2_counterattack5', -0.25862068965517243, -0.25862068965517243, 90.53448275862068, 116, 10502, '/home/ubuntu/ScenicGFootBall/training/gfrl/_scenarios/testing_generalization/defense_2vs2_counterattack.scenic', '/home/ubuntu/ScenicGFootBall/ppo/defense/2vs2_counterattack_5/checkpoints/final_00610'
'test_2vs2_counterattack6', -0.5151515151515151, -0.5151515151515151, 101.77777777777777, 99, 10076, '/home/ubuntu/ScenicGFootBall/training/gfrl/_scenarios/testing_generalization/defense_2vs2_counterattack.scenic', '/home/ubuntu/ScenicGFootBall/ppo/defense/2vs2_counterattack_6/checkpoints/final_00610'
'test_2vs2_counterattack7', -0.5157894736842106, -0.5157894736842106, 112.97894736842105, 95, 10733, '/home/ubuntu/ScenicGFootBall/training/gfrl/_scenarios/testing_generalization/defense_2vs2_counterattack.scenic', '/home/ubuntu/ScenicGFootBall/ppo/defense/2vs2_counterattack_7/checkpoints/final_00610'
'test_2vs2_counterattack8', -0.26506024096385544, -0.26506024096385544, 119.13253012048193, 83, 9888, '/home/ubuntu/ScenicGFootBall/training/gfrl/_scenarios/testing_generalization/defense_2vs2_counterattack.scenic', '/home/ubuntu/ScenicGFootBall/ppo/defense/2vs2_counterattack_8/checkpoints/final_00610'
'test_2vs2_counterattack9', -0.5740740740740741, -0.5740740740740741, 152.09259259259258, 54, 8213, '/home/ubuntu/ScenicGFootBall/training/gfrl/_scenarios/testing_generalization/defense_2vs2_counterattack.scenic', '/home/ubuntu/ScenicGFootBall/ppo/defense/2vs2_counterattack_9/checkpoints/final_00610'
'test_2vs2_with_scenic_long_pass_behavior0', -0.325, -0.325, 86.99166666666666, 120, 10439, '/home/ubuntu/ScenicGFootBall/training/gfrl/_scenarios/testing_generalization/defense_2vs2_with_high_pass_forward.scenic', '/home/ubuntu/ScenicGFootBall/ppo/defense/2vs2_with_scenic_long_pass_behavior_0/checkpoints/final_00610'
'test_2vs2_with_scenic_long_pass_behavior1', -0.2459016393442623, -0.2459016393442623, 79.29508196721312, 122, 9674, '/home/ubuntu/ScenicGFootBall/training/gfrl/_scenarios/testing_generalization/defense_2vs2_with_high_pass_forward.scenic', '/home/ubuntu/ScenicGFootBall/ppo/defense/2vs2_with_scenic_long_pass_behavior_1/checkpoints/final_00610'
'test_2vs2_with_scenic_long_pass_behavior2', -0.27049180327868855, -0.27049180327868855, 84.06557377049181, 122, 10256, '/home/ubuntu/ScenicGFootBall/training/gfrl/_scenarios/testing_generalization/defense_2vs2_with_high_pass_forward.scenic', '/home/ubuntu/ScenicGFootBall/ppo/defense/2vs2_with_scenic_long_pass_behavior_2/checkpoints/final_00610'
'test_2vs2_with_scenic_long_pass_behavior3', -0.3860759493670886, -0.3860759493670886, 68.5886075949367, 158, 10837, '/home/ubuntu/ScenicGFootBall/training/gfrl/_scenarios/testing_generalization/defense_2vs2_with_high_pass_forward.scenic', '/home/ubuntu/ScenicGFootBall/ppo/defense/2vs2_with_scenic_long_pass_behavior_3/checkpoints/final_00610'
'test_2vs2_with_scenic_long_pass_behavior4', -0.3284671532846715, -0.3284671532846715, 74.93430656934306, 137, 10266, '/home/ubuntu/ScenicGFootBall/training/gfrl/_scenarios/testing_generalization/defense_2vs2_with_high_pass_forward.scenic', '/home/ubuntu/ScenicGFootBall/ppo/defense/2vs2_with_scenic_long_pass_behavior_4/checkpoints/final_00610'
'test_2vs2_with_scenic_long_pass_behavior5', -0.2627118644067797, -0.2627118644067797, 88.01694915254237, 118, 10386, '/home/ubuntu/ScenicGFootBall/training/gfrl/_scenarios/testing_generalization/defense_2vs2_with_high_pass_forward.scenic', '/home/ubuntu/ScenicGFootBall/ppo/defense/2vs2_with_scenic_long_pass_behavior_5/checkpoints/final_00610'
'test_2vs2_with_scenic_long_pass_behavior6', -0.2835820895522388, -0.2835820895522388, 77.32089552238806, 134, 10361, '/home/ubuntu/ScenicGFootBall/training/gfrl/_scenarios/testing_generalization/defense_2vs2_with_high_pass_forward.scenic', '/home/ubuntu/ScenicGFootBall/ppo/defense/2vs2_with_scenic_long_pass_behavior_6/checkpoints/final_00610'
'test_2vs2_with_scenic_long_pass_behavior7', -0.3835616438356164, -0.3835616438356164, 69.58904109589041, 146, 10160, '/home/ubuntu/ScenicGFootBall/training/gfrl/_scenarios/testing_generalization/defense_2vs2_with_high_pass_forward.scenic', '/home/ubuntu/ScenicGFootBall/ppo/defense/2vs2_with_scenic_long_pass_behavior_7/checkpoints/final_00610'
'test_2vs2_with_scenic_long_pass_behavior8', -0.28448275862068967, -0.28448275862068967, 89.60344827586206, 116, 10394, '/home/ubuntu/ScenicGFootBall/training/gfrl/_scenarios/testing_generalization/defense_2vs2_with_high_pass_forward.scenic', '/home/ubuntu/ScenicGFootBall/ppo/defense/2vs2_with_scenic_long_pass_behavior_8/checkpoints/final_00610'
'test_2vs2_with_scenic_long_pass_behavior9', -0.234375, -0.234375, 76.6953125, 128, 9817, '/home/ubuntu/ScenicGFootBall/training/gfrl/_scenarios/testing_generalization/defense_2vs2_with_high_pass_forward.scenic', '/home/ubuntu/ScenicGFootBall/ppo/defense/2vs2_with_scenic_long_pass_behavior_9/checkpoints/final_00610'
